year,region,property_type,avg_price,volume
1995,East England,D,72000,6170
1995,East England,F,34000,598
1995,East England,S,45000,4092
1995,East England,T,37000,3131
1995,East Midlands,D,78000,21593
1995,East Midlands,F,35000,1948
1995,East Midlands,S,44000,26770
1995,East Midlands,T,33000,19057
1995,East of England,D,108000,23381
1995,East of England,F,42000,9225
1995,East of England,S,63000,22951
1995,East of England,T,52000,20576
1995,Greater London,D,195000,10505
1995,Greater London,F,78000,50779
1995,Greater London,S,103000,26517
1995,Greater London,T,94000,42193
1995,North East,D,92000,14512
1995,North East,F,38000,5435
1995,North East,S,51000,24035
1995,North East,T,38000,24716
1995,North West,D,94000,21568
1995,North West,F,43000,5976
1995,North West,S,51000,40216
1995,North West,T,34000,43996
1995,South East,D,127000,36397
1995,South East,F,45000,19746
1995,South East,S,69000,35687
1995,South East,T,56000,34757
1995,South West,D,98000,26970
1995,South West,F,46000,10266
1995,South West,S,58000,22469
1995,South West,T,48000,25829
1995,Wales,D,77000,10050
1995,Wales,F,40000,1577
1995,Wales,S,48000,11443
1995,Wales,T,36000,12671
1995,West Midlands,D,96000,20655
1995,West Midlands,F,39000,5154
1995,West Midlands,S,51000,28585
1995,West Midlands,T,40000,23944
1996,East England,D,73000,7893
1996,East England,F,32000,676
1996,East England,S,46000,4864
1996,East England,T,37000,3670
1996,East Midlands,D,81000,26220
1996,East Midlands,F,37000,2084
1996,East Midlands,S,45000,30332
1996,East Midlands,T,33000,21137
1996,East of England,D,111000,30074
1996,East of England,F,42000,10522
1996,East of England,S,65000,27749
1996,East of England,T,53000,25942
1996,Greater London,D,206000,13779
1996,Greater London,F,86000,63336
1996,Greater London,S,108000,32848
1996,Greater London,T,99000,52491
1996,North East,D,94000,18009
1996,North East,F,39000,6228
1996,North East,S,52000,28305
1996,North East,T,38000,27239
1996,North West,D,96000,25838
1996,North West,F,45000,6910
1996,North West,S,52000,46818
1996,North West,T,35000,47373
1996,South East,D,132000,46961
1996,South East,F,47000,23480
1996,South East,S,72000,43322
1996,South East,T,58000,43100
1996,South West,D,101000,36595
1996,South West,F,48000,12648
1996,South West,S,60000,27780
1996,South West,T,49000,32963
1996,Wales,D,78000,12991
1996,Wales,F,41000,1741
1996,Wales,S,48000,13892
1996,Wales,T,37000,15101
1996,West Midlands,D,98000,26129
1996,West Midlands,F,40000,6068
1996,West Midlands,S,52000,33650
1996,West Midlands,T,41000,27477
1997,East England,D,78000,9029
1997,East England,F,35000,902
1997,East England,S,48000,5458
1997,East England,T,39000,4053
1997,East Midlands,D,85000,30080
1997,East Midlands,F,39000,2442
1997,East Midlands,S,47000,33433
1997,East Midlands,T,35000,23048
1997,East of England,D,122000,33764
1997,East of England,F,47000,13035
1997,East of England,S,71000,30908
1997,East of England,T,59000,30289
1997,Greater London,D,234000,14654
1997,Greater London,F,98000,80922
1997,Greater London,S,126000,34657
1997,Greater London,T,115000,57926
1997,North East,D,99000,20229
1997,North East,F,42000,7185
1997,North East,S,54000,30930
1997,North East,T,41000,29341
1997,North West,D,102000,30484
1997,North West,F,47000,7677
1997,North West,S,55000,51417
1997,North West,T,36000,52042
1997,South East,D,148000,50406
1997,South East,F,52000,30698
1997,South East,S,80000,47583
1997,South East,T,65000,50262
1997,South West,D,112000,41167
1997,South West,F,52000,15565
1997,South West,S,65000,31221
1997,South West,T,54000,38843
1997,Wales,D,84000,14830
1997,Wales,F,44000,2290
1997,Wales,S,51000,15179
1997,Wales,T,39000,17438
1997,West Midlands,D,106000,29269
1997,West Midlands,F,42000,7131
1997,West Midlands,S,56000,36860
1997,West Midlands,T,44000,30622
1998,East England,D,86000,8713
1998,East England,F,36000,907
1998,East England,S,52000,5336
1998,East England,T,47000,4411
1998,East Midlands,D,91000,29595
1998,East Midlands,F,42000,2561
1998,East Midlands,S,49000,33110
1998,East Midlands,T,36000,23375
1998,East of England,D,136000,30634
1998,East of England,F,50000,13101
1998,East of England,S,79000,29414
1998,East of England,T,65000,28539
1998,Greater London,D,278000,12912
1998,Greater London,F,111000,79671
1998,Greater London,S,143000,30778
1998,Greater London,T,129000,54411
1998,North East,D,101000,20023
1998,North East,F,45000,7419
1998,North East,S,56000,30097
1998,North East,T,42000,28927
1998,North West,D,107000,30502
1998,North West,F,51000,7924
1998,North West,S,57000,50436
1998,North West,T,38000,51109
1998,South East,D,168000,45033
1998,South East,F,58000,30212
1998,South East,S,91000,44294
1998,South East,T,73000,47445
1998,South West,D,123000,37838
1998,South West,F,57000,15948
1998,South West,S,71000,29814
1998,South West,T,58000,37642
1998,Wales,D,89000,14335
1998,Wales,F,46000,2214
1998,Wales,S,53000,13992
1998,Wales,T,41000,16701
1998,West Midlands,D,115000,27531
1998,West Midlands,F,45000,7157
1998,West Midlands,S,60000,35119
1998,West Midlands,T,47000,30162
1999,East England,D,95000,10365
1999,East England,F,42000,993
1999,East England,S,56000,6024
1999,East England,T,46000,5181
1999,East Midlands,D,97000,35146
1999,East Midlands,F,48000,2792
1999,East Midlands,S,51000,36944
1999,East Midlands,T,39000,25151
1999,East of England,D,150000,35695
1999,East of England,F,57000,15113
1999,East of England,S,87000,34638
1999,East of England,T,72000,32933
1999,Greater London,D,310000,15313
1999,Greater London,F,130000,91849
1999,Greater London,S,164000,36433
1999,Greater London,T,152000,61497
1999,North East,D,108000,23598
1999,North East,F,49000,8203
1999,North East,S,58000,32242
1999,North East,T,45000,31189
1999,North West,D,116000,33975
1999,North West,F,57000,9500
1999,North West,S,60000,55332
1999,North West,T,39000,55564
1999,South East,D,188000,53084
1999,South East,F,67000,34274
1999,South East,S,102000,49668
1999,South East,T,82000,54129
1999,South West,D,137000,44502
1999,South West,F,65000,19307
1999,South West,S,79000,33396
1999,South West,T,66000,43327
1999,Wales,D,95000,16887
1999,Wales,F,51000,2459
1999,Wales,S,56000,15114
1999,Wales,T,43000,18299
1999,West Midlands,D,126000,31967
1999,West Midlands,F,51000,8325
1999,West Midlands,S,65000,39065
1999,West Midlands,T,51000,34250
2000,East England,D,109000,9000
2000,East England,F,45000,1122
2000,East England,S,64000,5802
2000,East England,T,51000,5211
2000,East Midlands,D,106000,34218
2000,East Midlands,F,55000,3412
2000,East Midlands,S,55000,36323
2000,East Midlands,T,42000,28102
2000,East of England,D,178000,30084
2000,East of England,F,67000,14833
2000,East of England,S,103000,29867
2000,East of England,T,84000,29802
2000,Greater London,D,375000,12171
2000,Greater London,F,156000,85732
2000,Greater London,S,195000,29783
2000,Greater London,T,185000,53525
2000,North East,D,116000,23787
2000,North East,F,55000,9131
2000,North East,S,62000,32505
2000,North East,T,47000,32458
2000,North West,D,125000,33706
2000,North West,F,65000,10904
2000,North West,S,65000,55791
2000,North West,T,42000,59824
2000,South East,D,226000,44105
2000,South East,F,80000,33557
2000,South East,S,122000,43113
2000,South East,T,98000,47993
2000,South West,D,163000,37867
2000,South West,F,73000,18244
2000,South West,S,93000,29479
2000,South West,T,77000,39567
2000,Wales,D,104000,17471
2000,Wales,F,56000,2896
2000,Wales,S,60000,15484
2000,Wales,T,47000,19930
2000,West Midlands,D,143000,29630
2000,West Midlands,F,57000,8822
2000,West Midlands,S,72000,38368
2000,West Midlands,T,56000,34427
2001,East England,D,125000,9836
2001,East England,F,50000,1349
2001,East England,S,73000,6321
2001,East England,T,61000,5902
2001,East Midlands,D,118000,37435
2001,East Midlands,F,66000,4158
2001,East Midlands,S,61000,40225
2001,East Midlands,T,45000,32468
2001,East of England,D,198000,34258
2001,East of England,F,75000,15935
2001,East of England,S,117000,33295
2001,East of England,T,97000,33270
2001,Greater London,D,400000,13373
2001,Greater London,F,172000,88321
2001,Greater London,S,214000,34654
2001,Greater London,T,196000,61548
2001,North East,D,128000,24717
2001,North East,F,62000,10474
2001,North East,S,68000,35509
2001,North East,T,51000,38405
2001,North West,D,140000,35552
2001,North West,F,74000,12221
2001,North West,S,71000,60336
2001,North West,T,45000,65815
2001,South East,D,246000,48138
2001,South East,F,94000,36128
2001,South East,S,137000,49270
2001,South East,T,110000,54057
2001,South West,D,181000,41418
2001,South West,F,86000,20381
2001,South West,S,106000,32862
2001,South West,T,89000,43351
2001,Wales,D,116000,18875
2001,Wales,F,68000,3504
2001,Wales,S,66000,17409
2001,Wales,T,51000,22330
2001,West Midlands,D,160000,31732
2001,West Midlands,F,70000,10742
2001,West Midlands,S,81000,40578
2001,West Midlands,T,63000,38059
2002,East England,D,147000,11067
2002,East England,F,64000,1511
2002,East England,S,90000,6794
2002,East England,T,75000,6183
2002,East Midlands,D,143000,38559
2002,East Midlands,F,78000,5376
2002,East Midlands,S,74000,42683
2002,East Midlands,T,55000,36843
2002,East of England,D,233000,34787
2002,East of England,F,98000,18018
2002,East of England,S,141000,34119
2002,East of England,T,118000,33977
2002,Greater London,D,435000,14520
2002,Greater London,F,196000,95238
2002,Greater London,S,245000,36933
2002,Greater London,T,226000,65101
2002,North East,D,155000,25745
2002,North East,F,76000,13440
2002,North East,S,82000,37590
2002,North East,T,60000,44717
2002,North West,D,165000,37748
2002,North West,F,90000,17234
2002,North West,S,84000,65692
2002,North West,T,52000,79444
2002,South East,D,281000,51425
2002,South East,F,112000,39532
2002,South East,S,160000,51849
2002,South East,T,132000,56743
2002,South West,D,215000,43013
2002,South West,F,107000,22788
2002,South West,S,129000,33439
2002,South West,T,110000,44221
2002,Wales,D,137000,20947
2002,Wales,F,84000,4437
2002,Wales,S,77000,19413
2002,Wales,T,59000,24902
2002,West Midlands,D,186000,34586
2002,West Midlands,F,83000,12604
2002,West Midlands,S,96000,44366
2002,West Midlands,T,75000,42385
2003,East England,D,177000,9324
2003,East England,F,74000,1285
2003,East England,S,112000,6080
2003,East England,T,93000,5753
2003,East Midlands,D,178000,32960
2003,East Midlands,F,97000,6991
2003,East Midlands,S,95000,39573
2003,East Midlands,T,71000,35816
2003,East of England,D,265000,29814
2003,East of England,F,115000,17034
2003,East of England,S,165000,30375
2003,East of England,T,139000,31114
2003,Greater London,D,479000,11630
2003,Greater London,F,210000,83002
2003,Greater London,S,270000,31673
2003,Greater London,T,246000,56099
2003,North East,D,190000,23069
2003,North East,F,95000,15367
2003,North East,S,103000,35368
2003,North East,T,73000,45713
2003,North West,D,197000,34246
2003,North West,F,104000,19370
2003,North West,S,104000,62460
2003,North West,T,64000,81187
2003,South East,D,316000,42547
2003,South East,F,128000,35511
2003,South East,S,184000,45305
2003,South East,T,152000,49675
2003,South West,D,255000,35831
2003,South West,F,125000,21803
2003,South West,S,153000,30286
2003,South West,T,132000,39462
2003,Wales,D,165000,19244
2003,Wales,F,97000,4348
2003,Wales,S,95000,18318
2003,Wales,T,73000,23946
2003,West Midlands,D,220000,28914
2003,West Midlands,F,102000,13364
2003,West Midlands,S,117000,40302
2003,West Midlands,T,92000,39527
2004,East England,D,196000,9323
2004,East England,F,92000,1402
2004,East England,S,128000,6273
2004,East England,T,110000,5539
2004,East Midlands,D,204000,32178
2004,East Midlands,F,111000,7501
2004,East Midlands,S,115000,38922
2004,East Midlands,T,89000,33487
2004,East of England,D,287000,30943
2004,East of England,F,128000,16484
2004,East of England,S,183000,31228
2004,East of England,T,155000,30997
2004,Greater London,D,520000,12293
2004,Greater London,F,231000,89250
2004,Greater London,S,294000,32322
2004,Greater London,T,271000,57556
2004,North East,D,223000,22233
2004,North East,F,113000,15064
2004,North East,S,126000,33782
2004,North East,T,91000,44669
2004,North West,D,233000,31805
2004,North West,F,123000,21256
2004,North West,S,128000,59013
2004,North West,T,82000,80041
2004,South East,D,340000,45057
2004,South East,F,143000,37887
2004,South East,S,202000,46982
2004,South East,T,168000,49646
2004,South West,D,282000,35779
2004,South West,F,141000,22604
2004,South West,S,174000,29942
2004,South West,T,152000,38042
2004,Wales,D,199000,17164
2004,Wales,F,118000,4492
2004,Wales,S,122000,16276
2004,Wales,T,94000,21390
2004,West Midlands,D,245000,28119
2004,West Midlands,F,116000,14014
2004,West Midlands,S,136000,40789
2004,West Midlands,T,110000,38685
2005,East England,D,214000,7200
2005,East England,F,104000,1309
2005,East England,S,138000,5487
2005,East England,T,118000,4789
2005,East Midlands,D,220000,25367
2005,East Midlands,F,117000,7233
2005,East Midlands,S,125000,34205
2005,East Midlands,T,100000,29493
2005,East of England,D,305000,26041
2005,East of England,F,139000,16009
2005,East of England,S,190000,27283
2005,East of England,T,162000,27029
2005,Greater London,D,549000,10679
2005,Greater London,F,241000,77928
2005,Greater London,S,311000,27864
2005,Greater London,T,289000,49312
2005,North East,D,244000,17153
2005,North East,F,119000,14373
2005,North East,S,138000,29132
2005,North East,T,103000,38582
2005,North West,D,257000,23918
2005,North West,F,132000,21412
2005,North West,S,141000,48002
2005,North West,T,94000,67392
2005,South East,D,358000,37281
2005,South East,F,152000,34337
2005,South East,S,210000,39926
2005,South East,T,176000,43800
2005,South West,D,297000,29736
2005,South West,F,145000,20459
2005,South West,S,184000,26508
2005,South West,T,159000,34461
2005,Wales,D,219000,13285
2005,Wales,F,131000,4235
2005,Wales,S,133000,13971
2005,Wales,T,106000,18597
2005,West Midlands,D,261000,22115
2005,West Midlands,F,124000,14328
2005,West Midlands,S,145000,35241
2005,West Midlands,T,118000,34687
2006,East England,D,220000,9207
2006,East England,F,112000,1819
2006,East England,S,145000,6992
2006,East England,T,126000,5868
2006,East Midlands,D,227000,31710
2006,East Midlands,F,120000,9851
2006,East Midlands,S,132000,41776
2006,East Midlands,T,106000,34408
2006,East of England,D,322000,33681
2006,East of England,F,148000,20474
2006,East of England,S,202000,34313
2006,East of England,T,172000,33330
2006,Greater London,D,595000,14346
2006,Greater London,F,259000,98213
2006,Greater London,S,335000,35071
2006,Greater London,T,315000,61192
2006,North East,D,256000,21972
2006,North East,F,126000,17397
2006,North East,S,147000,37445
2006,North East,T,114000,45401
2006,North West,D,270000,30039
2006,North West,F,138000,26769
2006,North West,S,151000,61177
2006,North West,T,105000,77608
2006,South East,D,380000,48742
2006,South East,F,159000,43791
2006,South East,S,222000,50630
2006,South East,T,186000,54274
2006,South West,D,311000,39474
2006,South West,F,153000,27301
2006,South West,S,193000,33833
2006,South West,T,170000,43811
2006,Wales,D,231000,16862
2006,Wales,F,133000,5304
2006,Wales,S,144000,18340
2006,Wales,T,114000,22444
2006,West Midlands,D,274000,28140
2006,West Midlands,F,127000,17456
2006,West Midlands,S,153000,43159
2006,West Midlands,T,127000,41057
2007,East England,D,234000,8709
2007,East England,F,119000,1827
2007,East England,S,155000,6591
2007,East England,T,134000,5596
2007,East Midlands,D,241000,30164
2007,East Midlands,F,123000,10412
2007,East Midlands,S,139000,40991
2007,East Midlands,T,113000,33152
2007,East of England,D,354000,30814
2007,East of England,F,157000,22308
2007,East of England,S,219000,32556
2007,East of England,T,186000,31142
2007,Greater London,D,670000,13684
2007,Greater London,F,288000,98395
2007,Greater London,S,372000,32668
2007,Greater London,T,355000,56922
2007,North East,D,271000,20986
2007,North East,F,129000,17993
2007,North East,S,153000,36944
2007,North East,T,121000,43648
2007,North West,D,288000,28204
2007,North West,F,140000,28083
2007,North West,S,161000,58752
2007,North West,T,115000,74589
2007,South East,D,422000,44984
2007,South East,F,169000,45680
2007,South East,S,244000,46884
2007,South East,T,203000,51498
2007,South West,D,343000,35976
2007,South West,F,164000,27962
2007,South West,S,212000,30531
2007,South West,T,185000,39283
2007,Wales,D,246000,16022
2007,Wales,F,138000,6319
2007,Wales,S,151000,17214
2007,Wales,T,121000,20534
2007,West Midlands,D,291000,25775
2007,West Midlands,F,130000,17203
2007,West Midlands,S,161000,40455
2007,West Midlands,T,133000,39539
2008,East England,D,231000,4292
2008,East England,F,109000,1054
2008,East England,S,150000,3295
2008,East England,T,135000,2834
2008,East Midlands,D,236000,15983
2008,East Midlands,F,114000,6193
2008,East Midlands,S,135000,21790
2008,East Midlands,T,110000,17879
2008,East of England,D,359000,15580
2008,East of England,F,152000,11490
2008,East of England,S,217000,16362
2008,East of England,T,184000,15187
2008,Greater London,D,712000,6381
2008,Greater London,F,297000,49710
2008,Greater London,S,378000,15935
2008,Greater London,T,360000,26871
2008,North East,D,277000,10287
2008,North East,F,125000,9334
2008,North East,S,150000,18745
2008,North East,T,120000,21909
2008,North West,D,289000,14395
2008,North West,F,131000,14483
2008,North West,S,156000,28808
2008,North West,T,114000,36661
2008,South East,D,429000,23172
2008,South East,F,168000,24108
2008,South East,S,238000,24119
2008,South East,T,201000,25616
2008,South West,D,336000,18787
2008,South West,F,161000,15234
2008,South West,S,205000,15273
2008,South West,T,180000,20361
2008,Wales,D,240000,8464
2008,Wales,F,132000,3881
2008,Wales,S,147000,9242
2008,Wales,T,116000,10872
2008,West Midlands,D,288000,13537
2008,West Midlands,F,122000,9668
2008,West Midlands,S,157000,20805
2008,West Midlands,T,130000,20188
2009,East England,D,209000,5003
2009,East England,F,104000,888
2009,East England,S,139000,3245
2009,East England,T,125000,2342
2009,East Midlands,D,219000,17337
2009,East Midlands,F,108000,3972
2009,East Midlands,S,129000,19978
2009,East Midlands,T,105000,14294
2009,East of England,D,323000,19074
2009,East of England,F,142000,9526
2009,East of England,S,200000,18846
2009,East of England,T,172000,16348
2009,Greater London,D,638000,7337
2009,Greater London,F,297000,42093
2009,Greater London,S,356000,16834
2009,Greater London,T,360000,26750
2009,North East,D,255000,10816
2009,North East,F,118000,6612
2009,North East,S,144000,17955
2009,North East,T,118000,16880
2009,North West,D,268000,14584
2009,North West,F,122000,9875
2009,North West,S,149000,27624
2009,North West,T,108000,27406
2009,South East,D,387000,27795
2009,South East,F,155000,20669
2009,South East,S,221000,27815
2009,South East,T,187000,27094
2009,South West,D,306000,23314
2009,South West,F,153000,13415
2009,South West,S,189000,18561
2009,South West,T,168000,22296
2009,Wales,D,227000,9121
2009,Wales,F,127000,3218
2009,Wales,S,142000,9033
2009,Wales,T,111000,9324
2009,West Midlands,D,263000,14459
2009,West Midlands,F,114000,6553
2009,West Midlands,S,149000,19494
2009,West Midlands,T,124000,16847
2010,East England,D,225000,5129
2010,East England,F,104000,845
2010,East England,S,146000,3034
2010,East England,T,129000,2449
2010,East Midlands,D,231000,18330
2010,East Midlands,F,107000,3779
2010,East Midlands,S,131000,20924
2010,East Midlands,T,107000,15028
2010,East of England,D,363000,20722
2010,East of England,F,149000,9707
2010,East of England,S,219000,19402
2010,East of England,T,186000,16703
2010,Greater London,D,719000,8998
2010,Greater London,F,327000,51825
2010,Greater London,S,399000,20127
2010,Greater London,T,417000,30904
2010,North East,D,269000,11457
2010,North East,F,119000,6099
2010,North East,S,149000,18217
2010,North East,T,123000,17971
2010,North West,D,280000,15836
2010,North West,F,120000,9367
2010,North West,S,154000,28354
2010,North West,T,109000,29853
2010,South East,D,429000,30138
2010,South East,F,168000,20451
2010,South East,S,246000,28212
2010,South East,T,205000,27589
2010,South West,D,331000,24138
2010,South West,F,161000,13242
2010,South West,S,206000,18508
2010,South West,T,183000,22527
2010,Wales,D,233000,9721
2010,Wales,F,124000,2713
2010,Wales,S,145000,9529
2010,Wales,T,113000,10400
2010,West Midlands,D,283000,15745
2010,West Midlands,F,114000,6832
2010,West Midlands,S,156000,20253
2010,West Midlands,T,128000,17531
2011,East England,D,219000,5393
2011,East England,F,99000,817
2011,East England,S,144000,3397
2011,East England,T,128000,2630
2011,East Midlands,D,223000,18271
2011,East Midlands,F,106000,3458
2011,East Midlands,S,128000,21319
2011,East Midlands,T,104000,15336
2011,East of England,D,352000,20088
2011,East of England,F,151000,9506
2011,East of England,S,218000,19221
2011,East of England,T,186000,17616
2011,Greater London,D,718000,8796
2011,Greater London,F,340000,50390
2011,Greater London,S,409000,19583
2011,Greater London,T,427000,31055
2011,North East,D,261000,11485
2011,North East,F,116000,5969
2011,North East,S,144000,19246
2011,North East,T,117000,18624
2011,North West,D,270000,15820
2011,North West,F,116000,8914
2011,North West,S,150000,29083
2011,North West,T,106000,29643
2011,South East,D,424000,28805
2011,South East,F,164000,20307
2011,South East,S,243000,28043
2011,South East,T,202000,27989
2011,South West,D,328000,23077
2011,South West,F,158000,12791
2011,South West,S,200000,18565
2011,South West,T,178000,22096
2011,Wales,D,229000,9470
2011,Wales,F,122000,2584
2011,Wales,S,141000,9347
2011,Wales,T,112000,10445
2011,West Midlands,D,275000,15775
2011,West Midlands,F,111000,6373
2011,West Midlands,S,151000,21036
2011,West Midlands,T,126000,18174
2012,East England,D,218000,5360
2012,East England,F,100000,725
2012,East England,S,142000,3231
2012,East England,T,134000,2698
2012,East Midlands,D,223000,19210
2012,East Midlands,F,100000,3518
2012,East Midlands,S,128000,20766
2012,East Midlands,T,108000,15418
2012,East of England,D,355000,20007
2012,East of England,F,151000,9576
2012,East of England,S,225000,18641
2012,East of England,T,192000,18595
2012,Greater London,D,718000,8698
2012,Greater London,F,358000,54136
2012,Greater London,S,424000,19168
2012,Greater London,T,449000,31834
2012,North East,D,255000,12154
2012,North East,F,112000,5580
2012,North East,S,145000,18988
2012,North East,T,120000,18069
2012,North West,D,263000,16742
2012,North West,F,114000,8283
2012,North West,S,150000,28339
2012,North West,T,108000,28996
2012,South East,D,422000,30101
2012,South East,F,168000,20318
2012,South East,S,248000,26843
2012,South East,T,210000,30226
2012,South West,D,323000,23938
2012,South West,F,157000,12608
2012,South West,S,204000,18298
2012,South West,T,181000,23186
2012,Wales,D,226000,9874
2012,Wales,F,121000,2575
2012,Wales,S,141000,9258
2012,Wales,T,113000,10293
2012,West Midlands,D,269000,16781
2012,West Midlands,F,109000,6253
2012,West Midlands,S,152000,20839
2012,West Midlands,T,128000,18093
2013,East England,D,222000,6729
2013,East England,F,100000,888
2013,East England,S,147000,3951
2013,East England,T,139000,3360
2013,East Midlands,D,225000,23537
2013,East Midlands,F,105000,4291
2013,East Midlands,S,131000,24633
2013,East Midlands,T,109000,18626
2013,East of England,D,362000,23953
2013,East of England,F,159000,12259
2013,East of England,S,232000,21369
2013,East of England,T,199000,22444
2013,Greater London,D,778000,10349
2013,Greater London,F,392000,67709
2013,Greater London,S,454000,21794
2013,Greater London,T,490000,36811
2013,North East,D,256000,15136
2013,North East,F,111000,6974
2013,North East,S,147000,22412
2013,North East,T,120000,21728
2013,North West,D,266000,20822
2013,North West,F,113000,10948
2013,North West,S,151000,34921
2013,North West,T,109000,35535
2013,South East,D,433000,34741
2013,South East,F,170000,25624
2013,South East,S,258000,31531
2013,South East,T,218000,36282
2013,South West,D,329000,28201
2013,South West,F,159000,15567
2013,South West,S,207000,21543
2013,South West,T,183000,28048
2013,Wales,D,228000,12055
2013,Wales,F,117000,2991
2013,Wales,S,141000,11213
2013,Wales,T,115000,12434
2013,West Midlands,D,275000,20157
2013,West Midlands,F,113000,7653
2013,West Midlands,S,155000,24709
2013,West Midlands,T,132000,22099
2014,East England,D,240000,7972
2014,East England,F,109000,1292
2014,East England,S,157000,4743
2014,East England,T,143000,4211
2014,East Midlands,D,237000,28483
2014,East Midlands,F,107000,5699
2014,East Midlands,S,137000,29891
2014,East Midlands,T,113000,23871
2014,East of England,D,388000,27851
2014,East of England,F,168000,16618
2014,East of England,S,250000,24339
2014,East of England,T,215000,27326
2014,Greater London,D,846000,11174
2014,Greater London,F,435000,79801
2014,Greater London,S,504000,22412
2014,Greater London,T,541000,40029
2014,North East,D,264000,18460
2014,North East,F,114000,9201
2014,North East,S,150000,27110
2014,North East,T,122000,27641
2014,North West,D,275000,25819
2014,North West,F,135000,15140
2014,North West,S,156000,42355
2014,North West,T,111000,45492
2014,South East,D,473000,39424
2014,South East,F,183000,34840
2014,South East,S,282000,34694
2014,South East,T,236000,43391
2014,South West,D,348000,32679
2014,South West,F,167000,20813
2014,South West,S,219000,24816
2014,South West,T,195000,33817
2014,Wales,D,236000,14054
2014,Wales,F,123000,4302
2014,Wales,S,146000,13124
2014,Wales,T,119000,15391
2014,West Midlands,D,291000,24178
2014,West Midlands,F,119000,10654
2014,West Midlands,S,163000,29556
2014,West Midlands,T,137000,28346
2015,East England,D,251000,7576
2015,East England,F,116000,1461
2015,East England,S,167000,4572
2015,East England,T,149000,4346
2015,East Midlands,D,252000,28880
2015,East Midlands,F,112000,6141
2015,East Midlands,S,143000,29870
2015,East Midlands,T,117000,24740
2015,East of England,D,420000,27641
2015,East of England,F,179000,17520
2015,East of England,S,274000,23252
2015,East of England,T,237000,27183
2015,Greater London,D,870000,10830
2015,Greater London,F,458000,79339
2015,Greater London,S,538000,22390
2015,Greater London,T,556000,39928
2015,North East,D,274000,19510
2015,North East,F,119000,9948
2015,North East,S,155000,27491
2015,North East,T,126000,28396
2015,North West,D,285000,27607
2015,North West,F,122000,17411
2015,North West,S,162000,43830
2015,North West,T,116000,47469
2015,South East,D,495000,39527
2015,South East,F,196000,36320
2015,South East,S,304000,34143
2015,South East,T,257000,42694
2015,South West,D,363000,33764
2015,South West,F,175000,21680
2015,South West,S,230000,24798
2015,South West,T,207000,34097
2015,Wales,D,244000,14916
2015,Wales,F,127000,4309
2015,Wales,S,149000,13418
2015,Wales,T,122000,16225
2015,West Midlands,D,307000,25855
2015,West Midlands,F,126000,11056
2015,West Midlands,S,171000,30570
2015,West Midlands,T,144000,29306
2016,East England,D,269000,7729
2016,East England,F,125000,1665
2016,East England,S,180000,4887
2016,East England,T,162000,4372
2016,East Midlands,D,260000,30457
2016,East Midlands,F,121000,7267
2016,East Midlands,S,149000,31413
2016,East Midlands,T,124000,25037
2016,East of England,D,449000,26820
2016,East of England,F,197000,18833
2016,East of England,S,301000,23204
2016,East of England,T,259000,25504
2016,Greater London,D,938000,9593
2016,Greater London,F,495000,76770
2016,Greater London,S,579000,19958
2016,Greater London,T,593000,35320
2016,North East,D,283000,20043
2016,North East,F,127000,10854
2016,North East,S,161000,28706
2016,North East,T,129000,28277
2016,North West,D,299000,29341
2016,North West,F,131000,19488
2016,North West,S,168000,45922
2016,North West,T,119000,49479
2016,South East,D,527000,37429
2016,South East,F,211000,37315
2016,South East,S,329000,33937
2016,South East,T,279000,40443
2016,South West,D,382000,33490
2016,South West,F,184000,23174
2016,South West,S,246000,25836
2016,South West,T,219000,33774
2016,Wales,D,256000,15715
2016,Wales,F,128000,4697
2016,Wales,S,156000,14108
2016,Wales,T,125000,16419
2016,West Midlands,D,322000,26702
2016,West Midlands,F,132000,12976
2016,West Midlands,S,181000,32263
2016,West Midlands,T,152000,30325
2017,East England,D,290000,7512
2017,East England,F,127000,1579
2017,East England,S,191000,4998
2017,East England,T,172000,4063
2017,East Midlands,D,273000,30395
2017,East Midlands,F,121000,6681
2017,East Midlands,S,156000,32890
2017,East Midlands,T,127000,24571
2017,East of England,D,472000,26838
2017,East of England,F,208000,16002
2017,East of England,S,319000,23845
2017,East of England,T,273000,23483
2017,Greater London,D,955000,9111
2017,Greater London,F,526000,69438
2017,Greater London,S,599000,20033
2017,Greater London,T,608000,33365
2017,North East,D,296000,21595
2017,North East,F,130000,10978
2017,North East,S,164000,30361
2017,North East,T,130000,29150
2017,North West,D,312000,30448
2017,North West,F,137000,18910
2017,North West,S,175000,48790
2017,North West,T,122000,50298
2017,South East,D,553000,37569
2017,South East,F,222000,33199
2017,South East,S,343000,35117
2017,South East,T,289000,37689
2017,South West,D,404000,33723
2017,South West,F,194000,21750
2017,South West,S,259000,26380
2017,South West,T,228000,32220
2017,Wales,D,263000,16541
2017,Wales,F,134000,4738
2017,Wales,S,162000,15384
2017,Wales,T,126000,17372
2017,West Midlands,D,341000,26990
2017,West Midlands,F,140000,12293
2017,West Midlands,S,192000,33620
2017,West Midlands,T,161000,29764
2018,East England,D,299000,7225
2018,East England,F,133000,1352
2018,East England,S,199000,4976
2018,East England,T,177000,3921
2018,East Midlands,D,287000,30091
2018,East Midlands,F,129000,6574
2018,East Midlands,S,165000,32871
2018,East Midlands,T,131000,24733
2018,East of England,D,478000,25505
2018,East of England,F,213000,15460
2018,East of England,S,326000,23495
2018,East of England,T,276000,22364
2018,Greater London,D,980000,8958
2018,Greater London,F,524000,64381
2018,Greater London,S,596000,19377
2018,Greater London,T,615000,32406
2018,North East,D,299000,21507
2018,North East,F,131000,10128
2018,North East,S,168000,30336
2018,North East,T,132000,29292
2018,North West,D,320000,29991
2018,North West,F,136000,18457
2018,North West,S,182000,48542
2018,North West,T,126000,50905
2018,South East,D,560000,36290
2018,South East,F,224000,31196
2018,South East,S,350000,34331
2018,South East,T,295000,35271
2018,South West,D,416000,32201
2018,South West,F,198000,20342
2018,South West,S,268000,26026
2018,South West,T,236000,30723
2018,Wales,D,275000,16120
2018,Wales,F,139000,4591
2018,Wales,S,167000,15156
2018,Wales,T,132000,17607
2018,West Midlands,D,354000,26853
2018,West Midlands,F,148000,12943
2018,West Midlands,S,201000,33926
2018,West Midlands,T,167000,28524
2019,East England,D,307000,7301
2019,East England,F,142000,1314
2019,East England,S,203000,4851
2019,East England,T,181000,3725
2019,East Midlands,D,294000,29752
2019,East Midlands,F,122000,6524
2019,East Midlands,S,169000,33397
2019,East Midlands,T,133000,24500
2019,East of England,D,477000,25829
2019,East of England,F,214000,13835
2019,East of England,S,325000,23071
2019,East of England,T,276000,21377
2019,Greater London,D,974000,8928
2019,Greater London,F,521000,61042
2019,Greater London,S,597000,19603
2019,Greater London,T,613000,31856
2019,North East,D,305000,21524
2019,North East,F,133000,9334
2019,North East,S,171000,30923
2019,North East,T,133000,29481
2019,North West,D,325000,29860
2019,North West,F,142000,18171
2019,North West,S,186000,48492
2019,North West,T,129000,50073
2019,South East,D,560000,36393
2019,South East,F,224000,28653
2019,South East,S,348000,33940
2019,South East,T,294000,33904
2019,South West,D,421000,31113
2019,South West,F,203000,18425
2019,South West,S,269000,25405
2019,South West,T,236000,29043
2019,Wales,D,282000,15383
2019,Wales,F,145000,4423
2019,Wales,S,172000,15104
2019,Wales,T,136000,17546
2019,West Midlands,D,357000,25755
2019,West Midlands,F,159000,11859
2019,West Midlands,S,204000,33220
2019,West Midlands,T,169000,27804
2020,East England,D,321000,6781
2020,East England,F,141000,960
2020,East England,S,214000,4133
2020,East England,T,183000,2990
2020,East Midlands,D,313000,27426
2020,East Midlands,F,127000,5029
2020,East Midlands,S,177000,28612
2020,East Midlands,T,139000,20598
2020,East of England,D,498000,25380
2020,East of England,F,215000,10943
2020,East of England,S,338000,21380
2020,East of England,T,288000,18739
2020,Greater London,D,1032000,8953
2020,Greater London,F,554000,53326
2020,Greater London,S,626000,18686
2020,Greater London,T,658000,29535
2020,North East,D,322000,20127
2020,North East,F,130000,8065
2020,North East,S,181000,26500
2020,North East,T,137000,26210
2020,North West,D,343000,27818
2020,North West,F,159000,14949
2020,North West,S,197000,42392
2020,North West,T,137000,43397
2020,South East,D,596000,36210
2020,South East,F,224000,22795
2020,South East,S,365000,31535
2020,South East,T,304000,29905
2020,South West,D,450000,30313
2020,South West,F,208000,14877
2020,South West,S,284000,22327
2020,South West,T,250000,25011
2020,Wales,D,300000,13206
2020,Wales,F,142000,3131
2020,Wales,S,182000,12164
2020,Wales,T,141000,13900
2020,West Midlands,D,377000,23214
2020,West Midlands,F,152000,9540
2020,West Midlands,S,216000,28320
2020,West Midlands,T,176000,22894
2021,East England,D,344000,10350
2021,East England,F,144000,1435
2021,East England,S,227000,6100
2021,East England,T,199000,4525
2021,East Midlands,D,336000,37768
2021,East Midlands,F,139000,6692
2021,East Midlands,S,192000,38679
2021,East Midlands,T,153000,28078
2021,East of England,D,537000,36539
2021,East of England,F,221000,16558
2021,East of England,S,360000,31568
2021,East of England,T,307000,28766
2021,Greater London,D,1115000,13020
2021,Greater London,F,520000,75464
2021,Greater London,S,668000,27694
2021,Greater London,T,677000,45973
2021,North East,D,354000,26708
2021,North East,F,142000,11243
2021,North East,S,194000,35740
2021,North East,T,149000,36827
2021,North West,D,379000,36875
2021,North West,F,170000,20290
2021,North West,S,216000,57482
2021,North West,T,151000,60502
2021,South East,D,639000,51756
2021,South East,F,238000,35887
2021,South East,S,388000,45310
2021,South East,T,325000,46064
2021,South West,D,492000,42162
2021,South West,F,222000,23477
2021,South West,S,305000,30991
2021,South West,T,274000,36775
2021,Wales,D,336000,19030
2021,Wales,F,150000,4510
2021,Wales,S,201000,17002
2021,Wales,T,157000,20276
2021,West Midlands,D,406000,32481
2021,West Midlands,F,154000,12214
2021,West Midlands,S,233000,39255
2021,West Midlands,T,194000,32542
2022,East England,D,380000,6579
2022,East England,F,143000,1355
2022,East England,S,245000,4443
2022,East England,T,212000,3456
2022,East Midlands,D,361000,25713
2022,East Midlands,F,140000,6066
2022,East Midlands,S,208000,31070
2022,East Midlands,T,163000,24112
2022,East of England,D,592000,24214
2022,East of England,F,226000,14202
2022,East of England,S,390000,22271
2022,East of England,T,329000,21205
2022,Greater London,D,1241000,9370
2022,Greater London,F,550000,57294
2022,Greater London,S,732000,20525
2022,Greater London,T,773000,33903
2022,North East,D,381000,17874
2022,North East,F,141000,9814
2022,North East,S,204000,28037
2022,North East,T,152000,31165
2022,North West,D,411000,24276
2022,North West,F,165000,16798
2022,North West,S,232000,44457
2022,North West,T,158000,50982
2022,South East,D,711000,33932
2022,South East,F,241000,29009
2022,South East,S,426000,31712
2022,South East,T,353000,33317
2022,South West,D,554000,27072
2022,South West,F,221000,19088
2022,South West,S,340000,21994
2022,South West,T,297000,26877
2022,Wales,D,370000,13156
2022,Wales,F,152000,4256
2022,Wales,S,221000,13667
2022,Wales,T,171000,17394
2022,West Midlands,D,443000,21257
2022,West Midlands,F,154000,11025
2022,West Midlands,S,253000,29836
2022,West Midlands,T,207000,26422
2023,East England,D,367000,2409
2023,East England,F,142000,499
2023,East England,S,244000,1740
2023,East England,T,210000,1414
2023,East Midlands,D,365000,9147
2023,East Midlands,F,138000,2514
2023,East Midlands,S,208000,12808
2023,East Midlands,T,159000,10580
2023,East of England,D,596000,8366
2023,East of England,F,214000,5274
2023,East of England,S,388000,8784
2023,East of England,T,320000,8626
2023,Greater London,D,1244000,3746
2023,Greater London,F,526000,21510
2023,Greater London,S,756000,8545
2023,Greater London,T,738000,13963
2023,North East,D,384000,6620
2023,North East,F,136000,4236
2023,North East,S,206000,12169
2023,North East,T,152000,14048
2023,North West,D,422000,9138
2023,North West,F,147000,6383
2023,North West,S,231000,18242
2023,North West,T,155000,22691
2023,South East,D,717000,12624
2023,South East,F,232000,10913
2023,South East,S,421000,12656
2023,South East,T,349000,13660
2023,South West,D,555000,10959
2023,South West,F,216000,7475
2023,South West,S,338000,9374
2023,South West,T,292000,11985
2023,Wales,D,366000,4986
2023,Wales,F,148000,1791
2023,Wales,S,221000,5750
2023,Wales,T,167000,7635
2023,West Midlands,D,450000,8017
2023,West Midlands,F,149000,4293
2023,West Midlands,S,251000,12279
2023,West Midlands,T,201000,11417
